product_id,product_name,category,price,currency,launch_date,updated_at
P00001,Fashion_Product_0001,Fashion,23107.66,INR,2025-09-24,2026-09-10
P00002,Sports_Product_0002,Sports,28425.76,INR,2025-06-19,2026-09-03
P00003,Home_Product_0003,Home,9330.95,INR,2026-03-01,2026-09-05
P00004,Home_Product_0004,Home,15133.11,INR,2026-06-17,2026-09-05
P00005,Fashion_Product_0005,Fashion,40090.6,INR,2026-03-16,2026-09-09
P00006,Beauty_Product_0006,Beauty,25413.05,INR,2025-04-29,2026-09-02
P00007,Home_Product_0007,Home,39178.37,INR,2025-08-16,2026-09-04
P00008,Electronics_Product_0008,Electronics,21360.68,INR,2025-01-25,2026-09-10
P00009,Grocery_Product_0009,Grocery,26033.89,INR,2025-11-25,2026-09-09
P00010,Beauty_Product_0010,Beauty,23996.25,INR,2025-12-08,2026-09-06
P00011,Grocery_Product_0011,Grocery,17450.23,INR,2025-02-27,2026-09-11
P00012,Beauty_Product_0012,Beauty,34959.16,INR,2025-06-20,2026-09-08
P00013,Sports_Product_0013,Sports,23996.57,INR,2025-02-23,2026-09-03
P00014,Home_Product_0014,Home,28897.65,INR,2025-06-05,2026-09-01
P00015,Grocery_Product_0015,Grocery,36512.8,INR,2026-02-04,2026-09-04
P00016,Beauty_Product_0016,Beauty,8497.11,INR,2026-02-27,2026-09-03
P00017,Grocery_Product_0017,Grocery,48333.63,INR,2026-02-09,2026-09-01
P00018,Fashion_Product_0018,Fashion,7372.13,INR,2025-11-28,2026-09-09
P00019,Home_Product_0019,Home,3714.77,INR,2025-01-07,2026-09-03
P00020,Sports_Product_0020,Sports,16040.8,INR,2026-08-05,2026-09-08
P00021,Beauty_Product_0021,Beauty,38500.14,INR,2026-04-12,2026-09-10
P00022,Fashion_Product_0022,Fashion,30121.05,INR,2026-01-03,2026-09-08
P00023,Sports_Product_0023,Sports,15859.77,INR,2025-12-21,2026-09-02
P00024,Sports_Product_0024,Sports,48086.36,INR,2025-05-30,2026-09-05
P00025,Grocery_Product_0025,Grocery,22625.81,INR,2025-03-29,2026-09-02
P00026,Electronics_Product_0026,Electronics,24025.27,INR,2025-08-10,2026-09-07
P00027,Beauty_Product_0027,Beauty,690.29,INR,2026-06-25,2026-09-07
P00028,Fashion_Product_0028,Fashion,48067.91,INR,2026-02-07,2026-09-11
P00029,Beauty_Product_0029,Beauty,43154.98,INR,2025-04-17,2026-09-02
P00030,Fashion_Product_0030,Fashion,18300.92,INR,2026-07-23,2026-09-05
P00031,Grocery_Product_0031,Grocery,42522.1,INR,2025-07-30,2026-09-04
P00032,Electronics_Product_0032,Electronics,39843.49,INR,2026-07-11,2026-09-01
P00033,Home_Product_0033,Home,19955.35,INR,2025-09-13,2026-09-01
P00034,Grocery_Product_0034,Grocery,47390.88,INR,2025-05-30,2026-09-10
P00035,Fashion_Product_0035,Fashion,31450.1,INR,2026-07-27,2026-09-03
P00036,Sports_Product_0036,Sports,23369.25,INR,2025-06-25,2026-09-02
P00037,Electronics_Product_0037,Electronics,44409.0,INR,2026-06-19,2026-09-09
P00038,Fashion_Product_0038,Fashion,4251.9,INR,2026-03-28,2026-09-04
P00039,Grocery_Product_0039,Grocery,21394.28,INR,2025-12-28,2026-09-05
P00040,Sports_Product_0040,Sports,17510.89,INR,2025-07-08,2026-09-01
P00041,Beauty_Product_0041,Beauty,6772.34,INR,2025-03-07,2026-09-10
P00042,Beauty_Product_0042,Beauty,42262.19,INR,2026-07-18,2026-09-05
P00043,Fashion_Product_0043,Fashion,27283.02,INR,2025-09-17,2026-09-11
P00044,Electronics_Product_0044,Electronics,21897.99,INR,2025-06-14,2026-09-08
P00045,Sports_Product_0045,Sports,34938.53,INR,2025-08-03,2026-09-11
P00046,Beauty_Product_0046,Beauty,16378.73,INR,2025-06-10,2026-09-10
P00047,Grocery_Product_0047,Grocery,36559.05,INR,2025-12-28,2026-09-06
P00048,Electronics_Product_0048,Electronics,34252.12,INR,2025-01-20,2026-09-01
P00049,Home_Product_0049,Home,44260.59,INR,2025-02-03,2026-09-09
P00050,Electronics_Product_0050,Electronics,30959.33,INR,2026-07-05,2026-09-05
P00051,Grocery_Product_0051,Grocery,6531.01,INR,2026-03-16,2026-09-03
P00052,Fashion_Product_0052,Fashion,34534.08,INR,2025-01-14,2026-09-04
P00053,Beauty_Product_0053,Beauty,634.69,INR,2026-04-08,2026-09-03
P00054,Fashion_Product_0054,Fashion,12106.29,INR,2025-02-09,2026-09-03
P00055,Grocery_Product_0055,Grocery,32743.27,INR,2025-08-25,2026-09-01
P00056,Grocery_Product_0056,Grocery,45229.29,INR,2025-10-06,2026-09-11
P00057,Fashion_Product_0057,Fashion,43869.05,INR,2025-10-09,2026-09-04
P00058,Beauty_Product_0058,Beauty,16610.61,INR,2025-07-29,2026-09-10
P00059,Electronics_Product_0059,Electronics,49031.49,INR,2026-08-10,2026-09-03
P00060,Sports_Product_0060,Sports,1602.78,INR,2025-04-25,2026-09-07
P00061,Grocery_Product_0061,Grocery,19879.12,INR,2025-05-07,2026-09-07
P00062,Beauty_Product_0062,Beauty,30648.59,INR,2026-07-26,2026-09-08
P00063,Grocery_Product_0063,Grocery,33834.46,INR,2025-01-10,2026-09-04
P00064,Fashion_Product_0064,Fashion,42919.59,INR,2025-09-18,2026-09-06
P00065,Home_Product_0065,Home,45502.09,INR,2025-03-07,2026-09-01
P00066,Beauty_Product_0066,Beauty,5068.55,INR,2026-02-05,2026-09-05
P00067,Sports_Product_0067,Sports,23267.96,INR,2025-02-01,2026-09-11
P00068,Sports_Product_0068,Sports,14439.98,INR,2025-12-06,2026-09-09
P00069,Electronics_Product_0069,Electronics,5081.63,INR,2025-04-08,2026-09-08
P00070,Beauty_Product_0070,Beauty,15035.25,INR,2026-08-18,2026-09-07
P00071,Grocery_Product_0071,Grocery,8579.82,INR,2025-01-04,2026-09-10
P00072,Fashion_Product_0072,Fashion,14855.34,INR,2025-05-02,2026-09-06
P00073,Electronics_Product_0073,Electronics,15959.77,INR,2025-01-19,2026-09-11
P00074,Sports_Product_0074,Sports,48218.75,INR,2026-02-22,2026-09-10
P00075,Sports_Product_0075,Sports,48912.42,INR,2026-03-02,2026-09-02
P00076,Grocery_Product_0076,Grocery,35969.0,INR,2025-07-19,2026-09-02
P00077,Home_Product_0077,Home,41838.22,INR,2025-12-06,2026-09-06
P00078,Fashion_Product_0078,Fashion,34935.73,INR,2025-06-16,2026-09-03
P00079,Grocery_Product_0079,Grocery,39678.85,INR,2026-07-20,2026-09-01
P00080,Home_Product_0080,Home,25209.4,INR,2026-07-16,2026-09-04
P00081,Beauty_Product_0081,Beauty,32430.29,INR,2025-11-08,2026-09-04
P00082,Home_Product_0082,Home,46068.57,INR,2025-02-28,2026-09-05
P00083,Beauty_Product_0083,Beauty,49752.42,INR,2025-06-28,2026-09-06
P00084,Grocery_Product_0084,Grocery,43530.27,INR,2025-07-23,2026-09-10
P00085,Home_Product_0085,Home,2430.47,INR,2025-04-20,2026-09-02
P00086,Electronics_Product_0086,Electronics,45739.31,INR,2025-06-12,2026-09-06
P00087,Home_Product_0087,Home,25375.46,INR,2026-03-22,2026-09-03
P00088,Beauty_Product_0088,Beauty,22320.54,INR,2026-07-11,2026-09-09
P00089,Sports_Product_0089,Sports,8939.7,INR,2025-02-11,2026-09-04
P00090,Electronics_Product_0090,Electronics,49159.39,INR,2025-10-10,2026-09-09
P00091,Sports_Product_0091,Sports,1031.18,INR,2025-09-01,2026-09-01
P00092,Home_Product_0092,Home,45431.95,INR,2026-01-03,2026-09-09
P00093,Sports_Product_0093,Sports,447.95,INR,2026-04-28,2026-09-02
P00094,Sports_Product_0094,Sports,21644.14,INR,2025-11-13,2026-09-03
P00095,Fashion_Product_0095,Fashion,30495.7,INR,2025-08-14,2026-09-06
P00096,Grocery_Product_0096,Grocery,16489.99,INR,2025-10-30,2026-09-11
P00097,Grocery_Product_0097,Grocery,18285.82,INR,2025-07-05,2026-09-01
P00098,Home_Product_0098,Home,36847.97,INR,2025-12-28,2026-09-10
P00099,Beauty_Product_0099,Beauty,22202.44,INR,2026-04-01,2026-09-08
P00100,Sports_Product_0100,Sports,30401.62,INR,2025-04-01,2026-09-02
P00101,Grocery_Product_0101,Grocery,9498.51,INR,2026-04-05,2026-09-10
P00102,Sports_Product_0102,Sports,11251.63,INR,2025-11-09,2026-09-06
P00103,Beauty_Product_0103,Beauty,20641.69,INR,2025-05-27,2026-09-08
P00104,Home_Product_0104,Home,16323.41,INR,2025-04-17,2026-09-02
P00105,Beauty_Product_0105,Beauty,127.06,INR,2026-08-07,2026-09-06
P00106,Sports_Product_0106,Sports,28563.96,INR,2025-02-09,2026-09-02
P00107,Home_Product_0107,Home,32997.95,INR,2025-06-21,2026-09-03
P00108,Electronics_Product_0108,Electronics,38850.72,INR,2025-07-26,2026-09-07
P00109,Grocery_Product_0109,Grocery,26131.23,INR,2026-01-20,2026-09-01
P00110,Electronics_Product_0110,Electronics,45778.12,INR,2025-07-20,2026-09-05
P00111,Beauty_Product_0111,Beauty,21686.89,INR,2025-03-14,2026-09-03
P00112,Grocery_Product_0112,Grocery,25427.61,INR,2026-08-15,2026-09-09
P00113,Sports_Product_0113,Sports,30908.64,INR,2025-08-21,2026-09-01
P00114,Grocery_Product_0114,Grocery,49419.63,INR,2026-05-23,2026-09-05
P00115,Beauty_Product_0115,Beauty,45133.94,INR,2025-04-30,2026-09-04
P00116,Grocery_Product_0116,Grocery,41870.37,INR,2026-05-06,2026-09-10
P00117,Sports_Product_0117,Sports,6418.63,INR,2025-04-18,2026-09-11
P00118,Home_Product_0118,Home,34825.99,INR,2025-02-19,2026-09-04
P00119,Fashion_Product_0119,Fashion,26090.44,INR,2026-05-13,2026-09-09
P00120,Sports_Product_0120,Sports,33862.64,INR,2025-05-30,2026-09-09
P00121,Home_Product_0121,Home,36719.63,INR,2026-07-29,2026-09-10
P00122,Sports_Product_0122,Sports,19887.54,INR,2025-04-18,2026-09-09
P00123,Home_Product_0123,Home,38818.52,INR,2026-08-13,2026-09-08
P00124,Beauty_Product_0124,Beauty,34863.16,INR,2025-02-22,2026-09-10
P00125,Electronics_Product_0125,Electronics,32286.99,INR,2026-04-27,2026-09-04
P00126,Beauty_Product_0126,Beauty,29409.54,INR,2026-08-20,2026-09-10
P00127,Grocery_Product_0127,Grocery,32707.32,INR,2025-11-01,2026-09-05
P00128,Home_Product_0128,Home,23180.48,INR,2025-09-16,2026-09-05
P00129,Home_Product_0129,Home,5603.93,INR,2025-02-14,2026-09-08
P00130,Beauty_Product_0130,Beauty,29117.37,INR,2025-06-24,2026-09-07
P00131,Fashion_Product_0131,Fashion,19340.51,INR,2025-12-18,2026-09-05
P00132,Grocery_Product_0132,Grocery,11688.75,INR,2026-04-08,2026-09-06
P00133,Sports_Product_0133,Sports,5544.35,INR,2026-02-05,2026-09-01
P00134,Grocery_Product_0134,Grocery,13028.87,INR,2025-12-16,2026-09-10
P00135,Grocery_Product_0135,Grocery,45987.2,INR,2025-08-03,2026-09-10
P00136,Sports_Product_0136,Sports,16535.55,INR,2026-08-05,2026-09-01
P00137,Beauty_Product_0137,Beauty,40636.51,INR,2026-08-10,2026-09-07
P00138,Home_Product_0138,Home,25362.45,INR,2025-11-18,2026-09-08
P00139,Sports_Product_0139,Sports,37839.76,INR,2026-05-24,2026-09-06
P00140,Beauty_Product_0140,Beauty,33332.06,INR,2026-07-20,2026-09-02
P00141,Beauty_Product_0141,Beauty,23898.87,INR,2025-11-13,2026-09-04
P00142,Home_Product_0142,Home,33890.81,INR,2026-05-16,2026-09-04
P00143,Electronics_Product_0143,Electronics,49803.33,INR,2025-04-11,2026-09-11
P00144,Beauty_Product_0144,Beauty,23337.02,INR,2026-02-02,2026-09-02
P00145,Grocery_Product_0145,Grocery,31876.37,INR,2025-07-17,2026-09-06
P00146,Grocery_Product_0146,Grocery,1373.48,INR,2025-01-03,2026-09-08
P00147,Sports_Product_0147,Sports,26775.61,INR,2026-02-02,2026-09-10
P00148,Fashion_Product_0148,Fashion,7514.75,INR,2025-07-22,2026-09-09
P00149,Home_Product_0149,Home,14196.81,INR,2025-08-30,2026-09-04
P00150,Beauty_Product_0150,Beauty,29122.98,INR,2025-12-15,2026-09-03
P00151,Sports_Product_0151,Sports,16717.23,INR,2025-02-14,2026-09-03
P00152,Fashion_Product_0152,Fashion,4440.22,INR,2025-05-22,2026-09-11
P00153,Beauty_Product_0153,Beauty,15820.54,INR,2025-06-12,2026-09-08
P00154,Fashion_Product_0154,Fashion,15745.74,INR,2025-12-05,2026-09-02
P00155,Home_Product_0155,Home,31190.14,INR,2025-06-09,2026-09-05
P00156,Sports_Product_0156,Sports,34528.6,INR,2025-07-12,2026-09-03
P00157,Fashion_Product_0157,Fashion,12357.79,INR,2026-05-09,2026-09-08
P00158,Electronics_Product_0158,Electronics,14670.76,INR,2025-12-04,2026-09-01
P00159,Sports_Product_0159,Sports,12225.98,INR,2026-01-01,2026-09-06
P00160,Home_Product_0160,Home,17298.36,INR,2026-04-08,2026-09-01
P00161,Fashion_Product_0161,Fashion,1932.72,INR,2026-02-25,2026-09-02
P00162,Beauty_Product_0162,Beauty,12647.67,INR,2025-07-19,2026-09-07
P00163,Home_Product_0163,Home,13345.9,INR,2026-01-05,2026-09-10
P00164,Home_Product_0164,Home,39985.1,INR,2026-02-06,2026-09-02
P00165,Fashion_Product_0165,Fashion,5476.9,INR,2026-08-01,2026-09-04
P00166,Grocery_Product_0166,Grocery,29892.57,INR,2025-06-01,2026-09-08
P00167,Grocery_Product_0167,Grocery,36646.71,INR,2025-01-15,2026-09-07
P00168,Home_Product_0168,Home,1579.22,INR,2026-02-19,2026-09-02
P00169,Fashion_Product_0169,Fashion,8525.11,INR,2025-06-03,2026-09-09
P00170,Grocery_Product_0170,Grocery,11918.08,INR,2025-01-28,2026-09-06
P00171,Beauty_Product_0171,Beauty,14871.38,INR,2026-03-06,2026-09-09
P00172,Grocery_Product_0172,Grocery,17698.79,INR,2025-01-05,2026-09-05
P00173,Home_Product_0173,Home,18547.87,INR,2025-12-15,2026-09-10
P00174,Home_Product_0174,Home,2646.65,INR,2026-02-22,2026-09-04
P00175,Grocery_Product_0175,Grocery,16707.23,INR,2025-01-07,2026-09-08
P00176,Beauty_Product_0176,Beauty,24414.7,INR,2026-07-06,2026-09-10
P00177,Grocery_Product_0177,Grocery,15648.51,INR,2025-08-10,2026-09-04
P00178,Grocery_Product_0178,Grocery,6930.23,INR,2026-02-24,2026-09-04
P00179,Sports_Product_0179,Sports,36185.42,INR,2025-03-05,2026-09-05
P00180,Grocery_Product_0180,Grocery,41190.68,INR,2025-02-06,2026-09-01
P00181,Sports_Product_0181,Sports,8978.37,INR,2025-09-08,2026-09-07
P00182,Sports_Product_0182,Sports,18912.78,INR,2025-05-26,2026-09-07
P00183,Sports_Product_0183,Sports,965.86,INR,2025-07-08,2026-09-03
P00184,Electronics_Product_0184,Electronics,28254.27,INR,2026-01-19,2026-09-06
P00185,Grocery_Product_0185,Grocery,1264.85,INR,2025-04-17,2026-09-08
P00186,Sports_Product_0186,Sports,1951.6,INR,2026-04-19,2026-09-01
P00187,Grocery_Product_0187,Grocery,3449.04,INR,2025-12-15,2026-09-11
P00188,Electronics_Product_0188,Electronics,8713.91,INR,2025-02-27,2026-09-04
P00189,Sports_Product_0189,Sports,42431.34,INR,2025-09-16,2026-09-05
P00190,Sports_Product_0190,Sports,1753.91,INR,2026-03-23,2026-09-10
P00191,Beauty_Product_0191,Beauty,44711.93,INR,2025-04-28,2026-09-07
P00192,Fashion_Product_0192,Fashion,36431.98,INR,2026-07-19,2026-09-11
P00193,Fashion_Product_0193,Fashion,34323.77,INR,2025-08-25,2026-09-10
P00194,Grocery_Product_0194,Grocery,31795.14,INR,2025-03-16,2026-09-10
P00195,Fashion_Product_0195,Fashion,28940.77,INR,2026-01-22,2026-09-11
P00196,Sports_Product_0196,Sports,7419.63,INR,2025-01-03,2026-09-06
P00197,Fashion_Product_0197,Fashion,1341.04,INR,2025-03-29,2026-09-03
P00198,Fashion_Product_0198,Fashion,45989.25,INR,2025-02-13,2026-09-01
P00199,Sports_Product_0199,Sports,6382.57,INR,2025-05-29,2026-09-09
P00200,Fashion_Product_0200,Fashion,32652.15,INR,2026-04-01,2026-09-05
P00201,Fashion_Product_0201,Fashion,22755.1,INR,2025-02-25,2026-09-06
P00202,Home_Product_0202,Home,31059.08,INR,2025-11-28,2026-09-08
P00203,Grocery_Product_0203,Grocery,27118.54,INR,2026-04-01,2026-09-03
P00204,Sports_Product_0204,Sports,46682.26,INR,2025-03-05,2026-09-07
P00205,Fashion_Product_0205,Fashion,7620.22,INR,2026-06-15,2026-09-01
P00206,Electronics_Product_0206,Electronics,49043.45,INR,2025-06-21,2026-09-07
P00207,Sports_Product_0207,Sports,27713.97,INR,2025-10-26,2026-09-05
P00208,Beauty_Product_0208,Beauty,35213.05,INR,2026-01-10,2026-09-09
P00209,Sports_Product_0209,Sports,16268.79,INR,2025-10-05,2026-09-08
P00210,Beauty_Product_0210,Beauty,754.73,INR,2026-08-05,2026-09-07
P00211,Grocery_Product_0211,Grocery,41112.59,INR,2026-03-13,2026-09-05
P00212,Beauty_Product_0212,Beauty,7865.01,INR,2025-09-21,2026-09-06
P00213,Fashion_Product_0213,Fashion,18152.18,INR,2025-08-11,2026-09-08
P00214,Sports_Product_0214,Sports,23341.24,INR,2025-09-14,2026-09-08
P00215,Beauty_Product_0215,Beauty,27417.0,INR,2026-07-04,2026-09-05
P00216,Electronics_Product_0216,Electronics,22130.79,INR,2025-10-07,2026-09-07
P00217,Home_Product_0217,Home,23978.71,INR,2026-04-15,2026-09-01
P00218,Beauty_Product_0218,Beauty,4410.89,INR,2026-06-11,2026-09-09
P00219,Sports_Product_0219,Sports,22741.64,INR,2025-06-06,2026-09-09
P00220,Home_Product_0220,Home,7836.65,INR,2026-06-19,2026-09-01
P00221,Sports_Product_0221,Sports,6901.91,INR,2025-05-31,2026-09-07
P00222,Grocery_Product_0222,Grocery,36004.7,INR,2026-01-22,2026-09-05
P00223,Electronics_Product_0223,Electronics,21932.59,INR,2025-01-02,2026-09-06
P00224,Fashion_Product_0224,Fashion,43296.77,INR,2025-03-18,2026-09-11
P00225,Sports_Product_0225,Sports,47080.16,INR,2025-02-04,2026-09-06
P00226,Beauty_Product_0226,Beauty,36457.93,INR,2026-02-12,2026-09-09
P00227,Sports_Product_0227,Sports,626.67,INR,2025-07-26,2026-09-02
P00228,Grocery_Product_0228,Grocery,41981.57,INR,2026-02-16,2026-09-07
P00229,Home_Product_0229,Home,49971.9,INR,2026-08-15,2026-09-06
P00230,Grocery_Product_0230,Grocery,3297.79,INR,2026-04-23,2026-09-10
P00231,Sports_Product_0231,Sports,9625.32,INR,2025-05-07,2026-09-03
P00232,Home_Product_0232,Home,6762.45,INR,2026-01-05,2026-09-04
P00233,Home_Product_0233,Home,33644.34,INR,2025-10-04,2026-09-02
P00234,Beauty_Product_0234,Beauty,39609.98,INR,2025-03-28,2026-09-10
P00235,Sports_Product_0235,Sports,4370.44,INR,2026-07-24,2026-09-11
P00236,Home_Product_0236,Home,27851.61,INR,2026-06-19,2026-09-08
P00237,Electronics_Product_0237,Electronics,46554.0,INR,2025-05-02,2026-09-08
P00238,Electronics_Product_0238,Electronics,34636.75,INR,2026-02-14,2026-09-08
P00239,Electronics_Product_0239,Electronics,18413.25,INR,2025-02-10,2026-09-08
P00240,Beauty_Product_0240,Beauty,32477.33,INR,2025-02-26,2026-09-08
P00241,Home_Product_0241,Home,3003.94,INR,2025-08-20,2026-09-04
P00242,Beauty_Product_0242,Beauty,48753.59,INR,2026-08-16,2026-09-06
P00243,Grocery_Product_0243,Grocery,22186.47,INR,2026-01-24,2026-09-08
P00244,Grocery_Product_0244,Grocery,7667.15,INR,2025-10-28,2026-09-07
P00245,Electronics_Product_0245,Electronics,33516.58,INR,2025-12-02,2026-09-02
P00246,Electronics_Product_0246,Electronics,1844.89,INR,2026-08-08,2026-09-01
P00247,Electronics_Product_0247,Electronics,33845.65,INR,2025-02-22,2026-09-02
P00248,Beauty_Product_0248,Beauty,27806.84,INR,2026-01-06,2026-09-01
P00249,Grocery_Product_0249,Grocery,8911.87,INR,2026-01-17,2026-09-01
P00250,Fashion_Product_0250,Fashion,17464.98,INR,2025-10-23,2026-09-10
P00251,Beauty_Product_0251,Beauty,8256.27,INR,2025-08-24,2026-09-11
P00252,Sports_Product_0252,Sports,8862.7,INR,2025-03-25,2026-09-01
P00253,Grocery_Product_0253,Grocery,8689.22,INR,2026-04-27,2026-09-06
P00254,Sports_Product_0254,Sports,39547.74,INR,2026-04-30,2026-09-05
P00255,Grocery_Product_0255,Grocery,23088.55,INR,2025-12-08,2026-09-11
P00256,Fashion_Product_0256,Fashion,43419.99,INR,2026-03-09,2026-09-06
P00257,Sports_Product_0257,Sports,43365.7,INR,2026-04-08,2026-09-05
P00258,Home_Product_0258,Home,41586.69,INR,2025-06-21,2026-09-06
P00259,Fashion_Product_0259,Fashion,19239.53,INR,2025-09-22,2026-09-11
P00260,Grocery_Product_0260,Grocery,8370.6,INR,2025-10-16,2026-09-02
P00261,Beauty_Product_0261,Beauty,14281.25,INR,2025-12-24,2026-09-04
P00262,Beauty_Product_0262,Beauty,14655.86,INR,2026-01-11,2026-09-02
P00263,Fashion_Product_0263,Fashion,11992.94,INR,2025-08-24,2026-09-08
P00264,Beauty_Product_0264,Beauty,39830.45,INR,2026-02-09,2026-09-10
P00265,Grocery_Product_0265,Grocery,30434.45,INR,2026-01-24,2026-09-09
P00266,Electronics_Product_0266,Electronics,37201.76,INR,2026-01-21,2026-09-01
P00267,Sports_Product_0267,Sports,16078.51,INR,2026-05-24,2026-09-02
P00268,Beauty_Product_0268,Beauty,15127.81,INR,2025-02-17,2026-09-06
P00269,Sports_Product_0269,Sports,14982.91,INR,2026-02-05,2026-09-09
P00270,Sports_Product_0270,Sports,4033.16,INR,2025-10-07,2026-09-10
P00271,Sports_Product_0271,Sports,1838.52,INR,2025-03-01,2026-09-04
P00272,Home_Product_0272,Home,25214.46,INR,2025-06-25,2026-09-05
P00273,Grocery_Product_0273,Grocery,2351.12,INR,2025-12-31,2026-09-08
P00274,Home_Product_0274,Home,13349.11,INR,2025-01-28,2026-09-10
P00275,Sports_Product_0275,Sports,28919.18,INR,2026-03-24,2026-09-04
P00276,Fashion_Product_0276,Fashion,12995.01,INR,2025-09-07,2026-09-06
P00277,Fashion_Product_0277,Fashion,48702.31,INR,2025-04-22,2026-09-02
P00278,Electronics_Product_0278,Electronics,4616.41,INR,2025-02-28,2026-09-09
P00279,Home_Product_0279,Home,40052.97,INR,2025-03-14,2026-09-09
P00280,Home_Product_0280,Home,20575.89,INR,2026-03-11,2026-09-09
P00281,Sports_Product_0281,Sports,27738.76,INR,2025-11-26,2026-09-10
P00282,Fashion_Product_0282,Fashion,40942.47,INR,2025-03-20,2026-09-04
P00283,Home_Product_0283,Home,41353.96,INR,2026-02-26,2026-09-02
P00284,Sports_Product_0284,Sports,33332.82,INR,2025-02-23,2026-09-11
P00285,Beauty_Product_0285,Beauty,36187.33,INR,2025-07-23,2026-09-11
P00286,Home_Product_0286,Home,34688.68,INR,2026-06-29,2026-09-01
P00287,Electronics_Product_0287,Electronics,44248.01,INR,2025-06-01,2026-09-11
P00288,Beauty_Product_0288,Beauty,13307.39,INR,2025-12-21,2026-09-10
P00289,Beauty_Product_0289,Beauty,33167.62,INR,2025-05-18,2026-09-01
P00290,Home_Product_0290,Home,42591.95,INR,2025-10-31,2026-09-09
P00291,Fashion_Product_0291,Fashion,41148.53,INR,2026-06-14,2026-09-08
P00292,Sports_Product_0292,Sports,43235.71,INR,2025-05-25,2026-09-02
P00293,Home_Product_0293,Home,23575.97,INR,2025-09-19,2026-09-10
P00294,Grocery_Product_0294,Grocery,27036.64,INR,2026-04-03,2026-09-05
P00295,Beauty_Product_0295,Beauty,344.5,INR,2025-06-28,2026-09-10
P00296,Fashion_Product_0296,Fashion,46779.22,INR,2025-04-17,2026-09-08
P00297,Grocery_Product_0297,Grocery,27426.4,INR,2025-09-16,2026-09-11
P00298,Beauty_Product_0298,Beauty,49333.67,INR,2025-07-04,2026-09-02
P00299,Home_Product_0299,Home,21545.03,INR,2026-04-15,2026-09-03
P00300,Beauty_Product_0300,Beauty,16862.86,INR,2025-02-18,2026-09-05
P00301,Home_Product_0301,Home,40049.42,INR,2025-07-05,2026-09-07
P00302,Beauty_Product_0302,Beauty,43226.2,INR,2026-03-15,2026-09-10
P00303,Sports_Product_0303,Sports,25970.65,INR,2026-04-11,2026-09-10
P00304,Sports_Product_0304,Sports,26283.36,INR,2026-04-27,2026-09-06
P00305,Home_Product_0305,Home,14010.16,INR,2026-06-10,2026-09-05
P00306,Beauty_Product_0306,Beauty,37947.74,INR,2025-03-12,2026-09-04
P00307,Home_Product_0307,Home,312.14,INR,2025-05-20,2026-09-10
P00308,Grocery_Product_0308,Grocery,49186.68,INR,2026-03-02,2026-09-01
P00309,Grocery_Product_0309,Grocery,16480.83,INR,2026-03-22,2026-09-03
P00310,Grocery_Product_0310,Grocery,22737.55,INR,2025-03-07,2026-09-10
P00311,Fashion_Product_0311,Fashion,12632.28,INR,2025-09-13,2026-09-09
P00312,Sports_Product_0312,Sports,1457.05,INR,2025-06-06,2026-09-05
P00313,Sports_Product_0313,Sports,14387.5,INR,2025-10-29,2026-09-08
P00314,Sports_Product_0314,Sports,12194.82,INR,2025-12-24,2026-09-07
P00315,Electronics_Product_0315,Electronics,46062.98,INR,2025-03-13,2026-09-06
P00316,Beauty_Product_0316,Beauty,27762.78,INR,2026-02-16,2026-09-03
P00317,Grocery_Product_0317,Grocery,6701.41,INR,2025-09-03,2026-09-01
P00318,Beauty_Product_0318,Beauty,1507.32,INR,2026-03-05,2026-09-06
P00319,Sports_Product_0319,Sports,12689.93,INR,2025-01-31,2026-09-06
P00320,Fashion_Product_0320,Fashion,5195.69,INR,2025-02-05,2026-09-03
P00321,Grocery_Product_0321,Grocery,6612.76,INR,2025-11-03,2026-09-04
P00322,Fashion_Product_0322,Fashion,2736.59,INR,2026-03-27,2026-09-11
P00323,Fashion_Product_0323,Fashion,40439.47,INR,2026-05-19,2026-09-02
P00324,Sports_Product_0324,Sports,20750.43,INR,2025-06-15,2026-09-05
P00325,Home_Product_0325,Home,22881.76,INR,2025-12-27,2026-09-07
P00326,Fashion_Product_0326,Fashion,43091.71,INR,2025-04-18,2026-09-03
P00327,Grocery_Product_0327,Grocery,3916.25,INR,2026-07-11,2026-09-01
P00328,Beauty_Product_0328,Beauty,27271.09,INR,2025-07-10,2026-09-09
P00329,Beauty_Product_0329,Beauty,27024.36,INR,2025-02-18,2026-09-07
P00330,Beauty_Product_0330,Beauty,3969.96,INR,2025-11-02,2026-09-06
P00331,Sports_Product_0331,Sports,43101.13,INR,2025-12-06,2026-09-09
P00332,Beauty_Product_0332,Beauty,18896.78,INR,2025-12-29,2026-09-07
P00333,Home_Product_0333,Home,35460.68,INR,2025-10-31,2026-09-02
P00334,Sports_Product_0334,Sports,46510.61,INR,2025-06-19,2026-09-11
P00335,Sports_Product_0335,Sports,34064.03,INR,2025-06-30,2026-09-06
P00336,Fashion_Product_0336,Fashion,3892.72,INR,2025-06-25,2026-09-11
P00337,Sports_Product_0337,Sports,35273.16,INR,2026-01-26,2026-09-07
P00338,Sports_Product_0338,Sports,2170.03,INR,2025-11-20,2026-09-10
P00339,Home_Product_0339,Home,19565.65,INR,2026-06-23,2026-09-05
P00340,Fashion_Product_0340,Fashion,26888.16,INR,2025-06-10,2026-09-09
P00341,Home_Product_0341,Home,22504.48,INR,2025-02-06,2026-09-06
P00342,Fashion_Product_0342,Fashion,2317.36,INR,2025-03-23,2026-09-11
P00343,Fashion_Product_0343,Fashion,42001.78,INR,2025-06-21,2026-09-10
P00344,Sports_Product_0344,Sports,27817.84,INR,2026-04-17,2026-09-02
P00345,Grocery_Product_0345,Grocery,37755.32,INR,2025-06-21,2026-09-04
P00346,Grocery_Product_0346,Grocery,8050.17,INR,2025-01-18,2026-09-04
P00347,Beauty_Product_0347,Beauty,47236.8,INR,2026-06-20,2026-09-07
P00348,Home_Product_0348,Home,6425.12,INR,2026-03-30,2026-09-08
P00349,Sports_Product_0349,Sports,19520.03,INR,2026-03-14,2026-09-09
P00350,Grocery_Product_0350,Grocery,33202.77,INR,2025-12-13,2026-09-03
P00351,Beauty_Product_0351,Beauty,7285.85,INR,2026-04-19,2026-09-07
P00352,Electronics_Product_0352,Electronics,36145.52,INR,2025-06-03,2026-09-01
P00353,Sports_Product_0353,Sports,49696.67,INR,2026-05-10,2026-09-08
P00354,Sports_Product_0354,Sports,11401.19,INR,2025-10-03,2026-09-08
P00355,Electronics_Product_0355,Electronics,47832.74,INR,2025-01-08,2026-09-07
P00356,Fashion_Product_0356,Fashion,33324.32,INR,2025-08-22,2026-09-04
P00357,Home_Product_0357,Home,31921.57,INR,2025-12-22,2026-09-11
P00358,Grocery_Product_0358,Grocery,18476.32,INR,2025-09-06,2026-09-06
P00359,Beauty_Product_0359,Beauty,8755.86,INR,2025-05-13,2026-09-08
P00360,Beauty_Product_0360,Beauty,32250.4,INR,2025-02-07,2026-09-01
P00361,Home_Product_0361,Home,16595.52,INR,2025-12-14,2026-09-09
P00362,Home_Product_0362,Home,35314.37,INR,2026-04-27,2026-09-04
P00363,Electronics_Product_0363,Electronics,47080.76,INR,2026-04-19,2026-09-04
P00364,Grocery_Product_0364,Grocery,31836.82,INR,2025-05-10,2026-09-03
P00365,Sports_Product_0365,Sports,17284.11,INR,2026-04-04,2026-09-01
P00366,Home_Product_0366,Home,35487.37,INR,2025-09-18,2026-09-01
P00367,Grocery_Product_0367,Grocery,48549.84,INR,2025-12-06,2026-09-06
P00368,Home_Product_0368,Home,14587.65,INR,2026-02-25,2026-09-09
P00369,Sports_Product_0369,Sports,36348.62,INR,2025-08-17,2026-09-10
P00370,Beauty_Product_0370,Beauty,44628.42,INR,2026-04-15,2026-09-11
P00371,Electronics_Product_0371,Electronics,14728.27,INR,2025-04-17,2026-09-07
P00372,Beauty_Product_0372,Beauty,48555.19,INR,2026-07-05,2026-09-02
P00373,Home_Product_0373,Home,39455.88,INR,2026-03-08,2026-09-11
P00374,Home_Product_0374,Home,20045.57,INR,2026-04-17,2026-09-04
P00375,Sports_Product_0375,Sports,19608.61,INR,2025-12-18,2026-09-07
P00376,Sports_Product_0376,Sports,605.94,INR,2025-10-13,2026-09-09
P00377,Grocery_Product_0377,Grocery,46377.86,INR,2025-09-28,2026-09-11
P00378,Beauty_Product_0378,Beauty,25022.11,INR,2025-08-22,2026-09-04
P00379,Fashion_Product_0379,Fashion,35611.61,INR,2025-03-14,2026-09-03
P00380,Home_Product_0380,Home,27262.72,INR,2025-12-05,2026-09-06
P00381,Sports_Product_0381,Sports,23314.72,INR,2026-03-25,2026-09-01
P00382,Electronics_Product_0382,Electronics,32994.85,INR,2026-03-10,2026-09-03
P00383,Fashion_Product_0383,Fashion,33900.77,INR,2025-09-26,2026-09-06
P00384,Sports_Product_0384,Sports,42030.23,INR,2025-10-13,2026-09-03
P00385,Beauty_Product_0385,Beauty,13800.89,INR,2026-05-15,2026-09-07
P00386,Electronics_Product_0386,Electronics,31844.38,INR,2025-11-27,2026-09-04
P00387,Electronics_Product_0387,Electronics,4347.65,INR,2025-02-18,2026-09-04
P00388,Fashion_Product_0388,Fashion,28837.44,INR,2025-01-30,2026-09-02
P00389,Fashion_Product_0389,Fashion,36093.9,INR,2026-06-01,2026-09-08
P00390,Electronics_Product_0390,Electronics,43369.54,INR,2026-01-20,2026-09-03
P00391,Sports_Product_0391,Sports,11268.9,INR,2025-12-31,2026-09-07
P00392,Sports_Product_0392,Sports,31264.26,INR,2025-11-25,2026-09-09
P00393,Electronics_Product_0393,Electronics,2004.73,INR,2025-01-18,2026-09-02
P00394,Home_Product_0394,Home,40947.61,INR,2025-07-31,2026-09-08
P00395,Home_Product_0395,Home,41900.49,INR,2025-07-22,2026-09-06
P00396,Beauty_Product_0396,Beauty,22972.37,INR,2025-05-13,2026-09-11
P00397,Grocery_Product_0397,Grocery,22546.6,INR,2025-06-19,2026-09-09
P00398,Beauty_Product_0398,Beauty,3635.8,INR,2025-11-23,2026-09-07
P00399,Home_Product_0399,Home,30445.83,INR,2026-01-12,2026-09-08
P00400,Grocery_Product_0400,Grocery,45833.29,INR,2025-10-30,2026-09-06
P00401,Beauty_Product_0401,Beauty,17096.27,INR,2025-12-18,2026-09-10
P00402,Sports_Product_0402,Sports,18604.59,INR,2026-01-12,2026-09-01
P00403,Home_Product_0403,Home,16277.09,INR,2025-09-03,2026-09-11
P00404,Beauty_Product_0404,Beauty,6785.79,INR,2025-03-26,2026-09-08
P00405,Electronics_Product_0405,Electronics,15087.09,INR,2026-01-09,2026-09-05
P00406,Electronics_Product_0406,Electronics,28000.62,INR,2025-12-20,2026-09-03
P00407,Grocery_Product_0407,Grocery,15714.84,INR,2026-01-11,2026-09-03
P00408,Electronics_Product_0408,Electronics,47124.97,INR,2026-06-27,2026-09-11
P00409,Sports_Product_0409,Sports,8283.87,INR,2025-03-18,2026-09-07
P00410,Grocery_Product_0410,Grocery,15734.42,INR,2025-03-10,2026-09-10
P00411,Grocery_Product_0411,Grocery,35516.31,INR,2025-04-05,2026-09-05
P00412,Home_Product_0412,Home,24621.16,INR,2025-10-30,2026-09-06
P00413,Fashion_Product_0413,Fashion,3095.11,INR,2025-07-29,2026-09-01
P00414,Grocery_Product_0414,Grocery,6860.76,INR,2026-01-30,2026-09-10
P00415,Home_Product_0415,Home,23214.15,INR,2025-01-27,2026-09-09
P00416,Grocery_Product_0416,Grocery,38752.05,INR,2025-05-25,2026-09-05
P00417,Electronics_Product_0417,Electronics,9507.79,INR,2026-01-07,2026-09-11
P00418,Fashion_Product_0418,Fashion,8696.91,INR,2025-04-04,2026-09-03
P00419,Grocery_Product_0419,Grocery,49600.62,INR,2025-10-20,2026-09-01
P00420,Grocery_Product_0420,Grocery,35140.31,INR,2026-08-20,2026-09-04
P00421,Beauty_Product_0421,Beauty,11753.22,INR,2025-01-23,2026-09-10
P00422,Home_Product_0422,Home,4602.68,INR,2025-04-01,2026-09-09
P00423,Electronics_Product_0423,Electronics,18147.7,INR,2025-06-18,2026-09-06
P00424,Beauty_Product_0424,Beauty,28625.54,INR,2026-08-20,2026-09-10
P00425,Electronics_Product_0425,Electronics,35398.36,INR,2025-10-17,2026-09-08
P00426,Sports_Product_0426,Sports,45662.6,INR,2025-04-01,2026-09-03
P00427,Grocery_Product_0427,Grocery,11908.67,INR,2025-06-07,2026-09-06
P00428,Home_Product_0428,Home,20390.15,INR,2025-03-30,2026-09-09
P00429,Sports_Product_0429,Sports,4438.32,INR,2025-04-27,2026-09-04
P00430,Home_Product_0430,Home,37075.62,INR,2025-08-27,2026-09-05
P00431,Sports_Product_0431,Sports,35530.61,INR,2026-04-30,2026-09-02
P00432,Fashion_Product_0432,Fashion,10794.52,INR,2026-03-19,2026-09-03
P00433,Beauty_Product_0433,Beauty,21432.2,INR,2026-03-02,2026-09-02
P00434,Fashion_Product_0434,Fashion,24728.08,INR,2025-10-25,2026-09-03
P00435,Electronics_Product_0435,Electronics,38422.36,INR,2025-06-04,2026-09-01
P00436,Fashion_Product_0436,Fashion,30999.37,INR,2025-07-28,2026-09-09
P00437,Electronics_Product_0437,Electronics,49696.21,INR,2025-02-10,2026-09-02
P00438,Home_Product_0438,Home,29642.94,INR,2025-11-09,2026-09-09
P00439,Electronics_Product_0439,Electronics,8220.78,INR,2026-06-23,2026-09-10
P00440,Electronics_Product_0440,Electronics,27846.29,INR,2026-06-25,2026-09-02
P00441,Sports_Product_0441,Sports,19053.32,INR,2026-02-27,2026-09-05
P00442,Home_Product_0442,Home,7972.39,INR,2025-04-30,2026-09-10
P00443,Electronics_Product_0443,Electronics,33836.41,INR,2025-02-06,2026-09-09
P00444,Fashion_Product_0444,Fashion,3597.17,INR,2025-08-11,2026-09-04
P00445,Home_Product_0445,Home,19687.5,INR,2026-07-30,2026-09-04
P00446,Electronics_Product_0446,Electronics,22168.21,INR,2025-06-05,2026-09-04
P00447,Beauty_Product_0447,Beauty,44060.98,INR,2026-02-13,2026-09-08
P00448,Electronics_Product_0448,Electronics,49584.89,INR,2025-03-12,2026-09-08
P00449,Electronics_Product_0449,Electronics,665.12,INR,2025-08-11,2026-09-09
P00450,Sports_Product_0450,Sports,4701.86,INR,2025-04-28,2026-09-09
P00451,Beauty_Product_0451,Beauty,14598.05,INR,2025-11-25,2026-09-01
P00452,Electronics_Product_0452,Electronics,12033.97,INR,2025-07-30,2026-09-03
P00453,Electronics_Product_0453,Electronics,38194.78,INR,2025-09-12,2026-09-05
P00454,Home_Product_0454,Home,29661.44,INR,2026-03-17,2026-09-01
P00455,Beauty_Product_0455,Beauty,3922.0,INR,2026-06-16,2026-09-08
P00456,Beauty_Product_0456,Beauty,17311.62,INR,2026-05-23,2026-09-08
P00457,Home_Product_0457,Home,37580.35,INR,2025-06-07,2026-09-06
P00458,Grocery_Product_0458,Grocery,42996.2,INR,2026-04-16,2026-09-03
P00459,Fashion_Product_0459,Fashion,3853.56,INR,2026-01-22,2026-09-04
P00460,Electronics_Product_0460,Electronics,19778.26,INR,2025-07-20,2026-09-11
P00461,Beauty_Product_0461,Beauty,47987.08,INR,2026-05-31,2026-09-02
P00462,Electronics_Product_0462,Electronics,32649.92,INR,2025-02-26,2026-09-06
P00463,Grocery_Product_0463,Grocery,37775.65,INR,2025-02-01,2026-09-04
P00464,Sports_Product_0464,Sports,30640.37,INR,2025-07-30,2026-09-01
P00465,Beauty_Product_0465,Beauty,20005.98,INR,2026-04-18,2026-09-01
P00466,Electronics_Product_0466,Electronics,17332.96,INR,2025-10-15,2026-09-07
P00467,Sports_Product_0467,Sports,43145.86,INR,2026-02-11,2026-09-07
P00468,Grocery_Product_0468,Grocery,30268.34,INR,2025-05-21,2026-09-04
P00469,Fashion_Product_0469,Fashion,34531.09,INR,2025-03-02,2026-09-01
P00470,Beauty_Product_0470,Beauty,5492.94,INR,2025-11-22,2026-09-09
P00471,Electronics_Product_0471,Electronics,39088.41,INR,2026-08-17,2026-09-08
P00472,Electronics_Product_0472,Electronics,13788.98,INR,2025-02-19,2026-09-09
P00473,Beauty_Product_0473,Beauty,9974.25,INR,2025-07-06,2026-09-04
P00474,Home_Product_0474,Home,10852.08,INR,2025-02-01,2026-09-07
P00475,Home_Product_0475,Home,44487.66,INR,2026-05-18,2026-09-05
P00476,Home_Product_0476,Home,44095.08,INR,2026-07-09,2026-09-09
P00477,Sports_Product_0477,Sports,9714.62,INR,2025-06-25,2026-09-04
P00478,Beauty_Product_0478,Beauty,16818.18,INR,2025-01-06,2026-09-10
P00479,Beauty_Product_0479,Beauty,9405.56,INR,2026-06-22,2026-09-06
P00480,Sports_Product_0480,Sports,41938.52,INR,2025-05-25,2026-09-11
P00481,Home_Product_0481,Home,27564.44,INR,2025-12-12,2026-09-05
P00482,Home_Product_0482,Home,15885.61,INR,2025-04-26,2026-09-04
P00483,Sports_Product_0483,Sports,38486.87,INR,2026-08-13,2026-09-07
P00484,Electronics_Product_0484,Electronics,48195.38,INR,2025-11-15,2026-09-09
P00485,Fashion_Product_0485,Fashion,38935.45,INR,2025-08-29,2026-09-07
P00486,Beauty_Product_0486,Beauty,27177.78,INR,2025-07-31,2026-09-09
P00487,Grocery_Product_0487,Grocery,24502.05,INR,2026-02-10,2026-09-10
P00488,Grocery_Product_0488,Grocery,9705.18,INR,2025-09-04,2026-09-09
P00489,Electronics_Product_0489,Electronics,1722.82,INR,2025-08-30,2026-09-07
P00490,Home_Product_0490,Home,22003.89,INR,2026-06-16,2026-09-05
P00491,Beauty_Product_0491,Beauty,21111.47,INR,2025-10-08,2026-09-09
P00492,Beauty_Product_0492,Beauty,36927.91,INR,2025-09-30,2026-09-02
P00493,Beauty_Product_0493,Beauty,11620.33,INR,2025-04-01,2026-09-03
P00494,Electronics_Product_0494,Electronics,20075.2,INR,2025-04-19,2026-09-08
P00495,Home_Product_0495,Home,17324.84,INR,2025-06-22,2026-09-10
P00496,Beauty_Product_0496,Beauty,24090.22,INR,2025-02-08,2026-09-02
P00497,Home_Product_0497,Home,17980.68,INR,2025-11-06,2026-09-01
P00498,Sports_Product_0498,Sports,5260.59,INR,2025-10-03,2026-09-05
P00499,Electronics_Product_0499,Electronics,18555.59,INR,2025-07-02,2026-09-09
P00500,Electronics_Product_0500,Electronics,35365.01,INR,2025-08-08,2026-09-07
P00501,Electronics_Product_0501,Electronics,3726.31,INR,2026-07-06,2026-09-07
P00502,Electronics_Product_0502,Electronics,5187.68,INR,2026-01-31,2026-09-01
P00503,Fashion_Product_0503,Fashion,43883.79,INR,2025-03-19,2026-09-02
P00504,Sports_Product_0504,Sports,30416.83,INR,2026-02-14,2026-09-01
P00505,Home_Product_0505,Home,17149.59,INR,2025-10-04,2026-09-07
P00506,Home_Product_0506,Home,45496.37,INR,2025-06-29,2026-09-07
P00507,Sports_Product_0507,Sports,48490.85,INR,2026-01-24,2026-09-09
P00508,Home_Product_0508,Home,46251.48,INR,2025-08-26,2026-09-08
P00509,Beauty_Product_0509,Beauty,4565.29,INR,2025-10-01,2026-09-01
P00510,Fashion_Product_0510,Fashion,14573.38,INR,2025-10-07,2026-09-11
P00511,Grocery_Product_0511,Grocery,15805.57,INR,2025-12-13,2026-09-10
P00512,Home_Product_0512,Home,33759.9,INR,2026-03-11,2026-09-01
P00513,Electronics_Product_0513,Electronics,11619.28,INR,2025-01-08,2026-09-02
P00514,Electronics_Product_0514,Electronics,30087.59,INR,2026-02-28,2026-09-11
P00515,Fashion_Product_0515,Fashion,7693.17,INR,2025-06-03,2026-09-04
P00516,Sports_Product_0516,Sports,18881.72,INR,2026-04-28,2026-09-05
P00517,Grocery_Product_0517,Grocery,6371.81,INR,2025-04-12,2026-09-11
P00518,Grocery_Product_0518,Grocery,48297.68,INR,2026-04-01,2026-09-04
P00519,Beauty_Product_0519,Beauty,39911.34,INR,2025-08-26,2026-09-09
P00520,Home_Product_0520,Home,32939.2,INR,2025-02-26,2026-09-10
P00521,Home_Product_0521,Home,41901.83,INR,2026-04-07,2026-09-01
P00522,Sports_Product_0522,Sports,9763.57,INR,2025-01-31,2026-09-10
P00523,Sports_Product_0523,Sports,4342.18,INR,2026-01-05,2026-09-01
P00524,Sports_Product_0524,Sports,5762.75,INR,2025-07-13,2026-09-07
P00525,Grocery_Product_0525,Grocery,39555.96,INR,2025-01-20,2026-09-04
P00526,Home_Product_0526,Home,40829.7,INR,2025-09-15,2026-09-09
P00527,Home_Product_0527,Home,9521.09,INR,2026-05-01,2026-09-08
P00528,Electronics_Product_0528,Electronics,877.23,INR,2026-03-07,2026-09-03
P00529,Beauty_Product_0529,Beauty,46403.83,INR,2025-12-05,2026-09-11
P00530,Sports_Product_0530,Sports,16834.66,INR,2025-05-08,2026-09-05
P00531,Fashion_Product_0531,Fashion,29735.5,INR,2025-12-30,2026-09-05
P00532,Home_Product_0532,Home,30690.53,INR,2026-02-01,2026-09-07
P00533,Sports_Product_0533,Sports,16531.22,INR,2025-05-22,2026-09-02
P00534,Grocery_Product_0534,Grocery,37602.5,INR,2026-05-03,2026-09-06
P00535,Beauty_Product_0535,Beauty,6607.49,INR,2025-12-18,2026-09-03
P00536,Sports_Product_0536,Sports,485.85,INR,2025-01-13,2026-09-02
P00537,Beauty_Product_0537,Beauty,48344.49,INR,2025-03-10,2026-09-11
P00538,Beauty_Product_0538,Beauty,10313.21,INR,2025-11-10,2026-09-08
P00539,Sports_Product_0539,Sports,33145.97,INR,2025-10-19,2026-09-06
P00540,Sports_Product_0540,Sports,9286.82,INR,2025-11-17,2026-09-11
P00541,Electronics_Product_0541,Electronics,40823.12,INR,2025-08-06,2026-09-09
P00542,Fashion_Product_0542,Fashion,41182.27,INR,2026-03-09,2026-09-05
P00543,Grocery_Product_0543,Grocery,25766.91,INR,2026-05-14,2026-09-02
P00544,Grocery_Product_0544,Grocery,47780.93,INR,2025-02-17,2026-09-01
P00545,Electronics_Product_0545,Electronics,22302.31,INR,2026-04-22,2026-09-09
P00546,Electronics_Product_0546,Electronics,6358.95,INR,2025-10-18,2026-09-11
P00547,Grocery_Product_0547,Grocery,16957.26,INR,2026-02-19,2026-09-02
P00548,Grocery_Product_0548,Grocery,36946.95,INR,2025-02-11,2026-09-05
P00549,Sports_Product_0549,Sports,15155.61,INR,2025-10-16,2026-09-02
P00550,Grocery_Product_0550,Grocery,46056.98,INR,2025-10-23,2026-09-03
P00551,Grocery_Product_0551,Grocery,35309.14,INR,2025-09-09,2026-09-06
P00552,Grocery_Product_0552,Grocery,17594.17,INR,2025-06-03,2026-09-09
P00553,Fashion_Product_0553,Fashion,32030.35,INR,2026-05-10,2026-09-03
P00554,Grocery_Product_0554,Grocery,26789.27,INR,2026-04-29,2026-09-06
P00555,Beauty_Product_0555,Beauty,32954.9,INR,2026-08-11,2026-09-09
P00556,Electronics_Product_0556,Electronics,33010.28,INR,2025-02-19,2026-09-03
P00557,Beauty_Product_0557,Beauty,44273.49,INR,2026-01-23,2026-09-05
P00558,Grocery_Product_0558,Grocery,22870.6,INR,2026-04-29,2026-09-02
P00559,Electronics_Product_0559,Electronics,17147.4,INR,2026-07-28,2026-09-03
P00560,Grocery_Product_0560,Grocery,36473.52,INR,2025-03-08,2026-09-09
P00561,Beauty_Product_0561,Beauty,47992.32,INR,2026-06-19,2026-09-10
P00562,Home_Product_0562,Home,3740.92,INR,2025-01-03,2026-09-08
P00563,Grocery_Product_0563,Grocery,28884.2,INR,2025-04-29,2026-09-07
P00564,Electronics_Product_0564,Electronics,3894.72,INR,2026-02-15,2026-09-05
P00565,Home_Product_0565,Home,19152.05,INR,2025-03-25,2026-09-02
P00566,Sports_Product_0566,Sports,42826.31,INR,2025-09-04,2026-09-01
P00567,Sports_Product_0567,Sports,22927.08,INR,2025-11-07,2026-09-03
P00568,Grocery_Product_0568,Grocery,38394.58,INR,2026-05-17,2026-09-04
P00569,Grocery_Product_0569,Grocery,40684.32,INR,2026-06-13,2026-09-09
P00570,Grocery_Product_0570,Grocery,38292.18,INR,2025-07-09,2026-09-04
P00571,Beauty_Product_0571,Beauty,49998.44,INR,2026-05-10,2026-09-05
P00572,Sports_Product_0572,Sports,33766.06,INR,2026-05-23,2026-09-08
P00573,Electronics_Product_0573,Electronics,2918.65,INR,2026-07-28,2026-09-09
P00574,Electronics_Product_0574,Electronics,31661.9,INR,2025-12-15,2026-09-04
P00575,Fashion_Product_0575,Fashion,16782.28,INR,2025-04-08,2026-09-03
P00576,Electronics_Product_0576,Electronics,37572.12,INR,2026-07-23,2026-09-01
P00577,Sports_Product_0577,Sports,48447.72,INR,2025-06-19,2026-09-07
P00578,Beauty_Product_0578,Beauty,28629.39,INR,2026-08-23,2026-09-01
P00579,Sports_Product_0579,Sports,20513.07,INR,2026-02-20,2026-09-07
P00580,Grocery_Product_0580,Grocery,1073.48,INR,2026-07-09,2026-09-07
P00581,Home_Product_0581,Home,45536.17,INR,2025-07-28,2026-09-09
P00582,Fashion_Product_0582,Fashion,41463.34,INR,2026-01-05,2026-09-08
P00583,Electronics_Product_0583,Electronics,20551.37,INR,2026-02-17,2026-09-11
P00584,Sports_Product_0584,Sports,6765.5,INR,2025-04-22,2026-09-01
P00585,Electronics_Product_0585,Electronics,9525.7,INR,2026-04-29,2026-09-01
P00586,Grocery_Product_0586,Grocery,29726.0,INR,2025-01-22,2026-09-08
P00587,Electronics_Product_0587,Electronics,40555.06,INR,2026-05-15,2026-09-09
P00588,Electronics_Product_0588,Electronics,26432.72,INR,2026-06-09,2026-09-07
P00589,Grocery_Product_0589,Grocery,35280.93,INR,2026-03-22,2026-09-10
P00590,Fashion_Product_0590,Fashion,8293.65,INR,2026-05-26,2026-09-01
P00591,Sports_Product_0591,Sports,48197.73,INR,2026-06-12,2026-09-04
P00592,Home_Product_0592,Home,25278.89,INR,2025-06-08,2026-09-11
P00593,Grocery_Product_0593,Grocery,34608.07,INR,2026-05-19,2026-09-05
P00594,Sports_Product_0594,Sports,22067.88,INR,2026-02-24,2026-09-11
P00595,Fashion_Product_0595,Fashion,30821.97,INR,2025-12-22,2026-09-01
P00596,Beauty_Product_0596,Beauty,39941.32,INR,2025-10-03,2026-09-06
P00597,Beauty_Product_0597,Beauty,15900.44,INR,2025-05-17,2026-09-07
P00598,Beauty_Product_0598,Beauty,19817.84,INR,2025-10-10,2026-09-02
P00599,Sports_Product_0599,Sports,25539.58,INR,2026-05-30,2026-09-02
P00600,Beauty_Product_0600,Beauty,49895.99,INR,2025-10-05,2026-09-08
P00601,Beauty_Product_0601,Beauty,28911.0,INR,2025-01-04,2026-09-01
P00602,Fashion_Product_0602,Fashion,15434.83,INR,2025-05-16,2026-09-03
P00603,Electronics_Product_0603,Electronics,9375.54,INR,2025-07-03,2026-09-07
P00604,Sports_Product_0604,Sports,49584.6,INR,2025-08-20,2026-09-01
P00605,Fashion_Product_0605,Fashion,6336.87,INR,2026-02-03,2026-09-11
P00606,Home_Product_0606,Home,17330.13,INR,2026-01-16,2026-09-08
P00607,Fashion_Product_0607,Fashion,12150.95,INR,2025-02-03,2026-09-08
P00608,Home_Product_0608,Home,38799.42,INR,2025-02-10,2026-09-07
P00609,Fashion_Product_0609,Fashion,16816.07,INR,2026-03-20,2026-09-09
P00610,Home_Product_0610,Home,7416.23,INR,2025-06-02,2026-09-05
P00611,Beauty_Product_0611,Beauty,20044.63,INR,2026-05-06,2026-09-06
P00612,Electronics_Product_0612,Electronics,6343.7,INR,2026-07-26,2026-09-04
P00613,Beauty_Product_0613,Beauty,38025.81,INR,2026-08-12,2026-09-10
P00614,Electronics_Product_0614,Electronics,3185.25,INR,2026-01-02,2026-09-04
P00615,Beauty_Product_0615,Beauty,36193.15,INR,2026-02-22,2026-09-10
P00616,Fashion_Product_0616,Fashion,9785.71,INR,2026-05-20,2026-09-07
P00617,Fashion_Product_0617,Fashion,10932.26,INR,2025-09-22,2026-09-03
P00618,Fashion_Product_0618,Fashion,26685.23,INR,2025-12-30,2026-09-07
P00619,Fashion_Product_0619,Fashion,38688.2,INR,2026-06-17,2026-09-04
P00620,Beauty_Product_0620,Beauty,7075.66,INR,2025-08-13,2026-09-08
P00621,Grocery_Product_0621,Grocery,8917.02,INR,2025-12-12,2026-09-10
P00622,Fashion_Product_0622,Fashion,5189.15,INR,2025-08-27,2026-09-04
P00623,Grocery_Product_0623,Grocery,23628.6,INR,2025-02-24,2026-09-01
P00624,Sports_Product_0624,Sports,34676.02,INR,2025-11-16,2026-09-03
P00625,Grocery_Product_0625,Grocery,10459.05,INR,2025-02-04,2026-09-04
P00626,Grocery_Product_0626,Grocery,22342.97,INR,2025-10-01,2026-09-04
P00627,Fashion_Product_0627,Fashion,11736.76,INR,2025-07-21,2026-09-11
P00628,Electronics_Product_0628,Electronics,31648.56,INR,2026-07-05,2026-09-09
P00629,Fashion_Product_0629,Fashion,26714.42,INR,2026-01-11,2026-09-07
P00630,Grocery_Product_0630,Grocery,38324.57,INR,2025-03-26,2026-09-03
P00631,Home_Product_0631,Home,32317.92,INR,2026-07-15,2026-09-11
P00632,Electronics_Product_0632,Electronics,13541.17,INR,2025-08-13,2026-09-08
P00633,Electronics_Product_0633,Electronics,29661.85,INR,2026-01-16,2026-09-11
P00634,Grocery_Product_0634,Grocery,5771.22,INR,2026-03-08,2026-09-10
P00635,Grocery_Product_0635,Grocery,19342.56,INR,2025-01-17,2026-09-11
P00636,Grocery_Product_0636,Grocery,19368.51,INR,2026-01-14,2026-09-06
P00637,Home_Product_0637,Home,15191.34,INR,2025-05-28,2026-09-02
P00638,Home_Product_0638,Home,24523.43,INR,2026-07-07,2026-09-04
P00639,Beauty_Product_0639,Beauty,31073.13,INR,2025-06-11,2026-09-07
P00640,Home_Product_0640,Home,1601.86,INR,2025-07-31,2026-09-03
P00641,Grocery_Product_0641,Grocery,41212.0,INR,2025-07-22,2026-09-11
P00642,Sports_Product_0642,Sports,21489.96,INR,2026-06-27,2026-09-06
P00643,Sports_Product_0643,Sports,10287.49,INR,2025-05-16,2026-09-09
P00644,Sports_Product_0644,Sports,10746.9,INR,2026-08-09,2026-09-01
P00645,Fashion_Product_0645,Fashion,30200.19,INR,2026-04-25,2026-09-11
P00646,Grocery_Product_0646,Grocery,25941.29,INR,2025-08-11,2026-09-11
P00647,Fashion_Product_0647,Fashion,4106.1,INR,2026-01-17,2026-09-01
P00648,Fashion_Product_0648,Fashion,8331.54,INR,2026-06-07,2026-09-06
P00649,Sports_Product_0649,Sports,41230.32,INR,2026-03-07,2026-09-06
P00650,Home_Product_0650,Home,38989.93,INR,2025-01-31,2026-09-03
P00651,Home_Product_0651,Home,682.0,INR,2026-03-23,2026-09-07
P00652,Grocery_Product_0652,Grocery,32501.59,INR,2026-02-19,2026-09-11
P00653,Grocery_Product_0653,Grocery,38392.92,INR,2026-02-17,2026-09-11
P00654,Beauty_Product_0654,Beauty,11234.38,INR,2025-11-01,2026-09-08
P00655,Beauty_Product_0655,Beauty,23603.46,INR,2025-11-01,2026-09-10
P00656,Sports_Product_0656,Sports,33958.14,INR,2026-03-15,2026-09-04
P00657,Fashion_Product_0657,Fashion,28018.74,INR,2026-01-02,2026-09-10
P00658,Electronics_Product_0658,Electronics,44538.82,INR,2025-01-01,2026-09-04
P00659,Sports_Product_0659,Sports,16812.96,INR,2025-11-14,2026-09-03
P00660,Beauty_Product_0660,Beauty,19117.57,INR,2025-06-06,2026-09-02
P00661,Home_Product_0661,Home,17687.24,INR,2026-02-15,2026-09-04
P00662,Grocery_Product_0662,Grocery,22143.13,INR,2025-07-30,2026-09-10
P00663,Grocery_Product_0663,Grocery,49289.81,INR,2025-08-22,2026-09-10
P00664,Sports_Product_0664,Sports,12931.84,INR,2025-12-11,2026-09-10
P00665,Home_Product_0665,Home,459.41,INR,2026-07-24,2026-09-10
P00666,Home_Product_0666,Home,16086.22,INR,2025-10-20,2026-09-07
P00667,Home_Product_0667,Home,21829.44,INR,2026-01-12,2026-09-04
P00668,Electronics_Product_0668,Electronics,23548.51,INR,2026-06-10,2026-09-08
P00669,Fashion_Product_0669,Fashion,1661.44,INR,2025-06-03,2026-09-02
P00670,Electronics_Product_0670,Electronics,33142.11,INR,2026-04-24,2026-09-04
P00671,Beauty_Product_0671,Beauty,33605.9,INR,2025-08-15,2026-09-11
P00672,Grocery_Product_0672,Grocery,48650.38,INR,2025-12-26,2026-09-07
P00673,Grocery_Product_0673,Grocery,39756.0,INR,2025-07-29,2026-09-03
P00674,Fashion_Product_0674,Fashion,47357.97,INR,2025-07-29,2026-09-05
P00675,Sports_Product_0675,Sports,22654.68,INR,2026-08-01,2026-09-04
P00676,Sports_Product_0676,Sports,48985.46,INR,2026-03-13,2026-09-11
P00677,Beauty_Product_0677,Beauty,352.91,INR,2025-04-09,2026-09-10
P00678,Electronics_Product_0678,Electronics,1764.93,INR,2025-01-11,2026-09-05
P00679,Sports_Product_0679,Sports,26016.92,INR,2026-02-10,2026-09-01
P00680,Grocery_Product_0680,Grocery,22173.02,INR,2025-06-07,2026-09-07
P00681,Home_Product_0681,Home,15278.92,INR,2026-04-04,2026-09-09
P00682,Sports_Product_0682,Sports,31433.69,INR,2025-07-22,2026-09-11
P00683,Beauty_Product_0683,Beauty,25752.49,INR,2026-01-07,2026-09-11
P00684,Home_Product_0684,Home,4658.15,INR,2026-03-18,2026-09-01
P00685,Sports_Product_0685,Sports,33576.68,INR,2025-07-22,2026-09-08
P00686,Electronics_Product_0686,Electronics,45930.01,INR,2025-10-27,2026-09-11
P00687,Grocery_Product_0687,Grocery,18349.77,INR,2026-07-27,2026-09-02
P00688,Electronics_Product_0688,Electronics,14348.65,INR,2026-05-18,2026-09-04
P00689,Grocery_Product_0689,Grocery,13666.82,INR,2026-03-22,2026-09-10
P00690,Home_Product_0690,Home,12820.59,INR,2026-05-21,2026-09-04
P00691,Grocery_Product_0691,Grocery,48023.03,INR,2025-08-28,2026-09-09
P00692,Beauty_Product_0692,Beauty,38427.86,INR,2025-02-28,2026-09-06
P00693,Fashion_Product_0693,Fashion,25107.56,INR,2026-08-10,2026-09-01
P00694,Grocery_Product_0694,Grocery,16653.58,INR,2026-03-24,2026-09-06
P00695,Electronics_Product_0695,Electronics,27699.98,INR,2026-03-30,2026-09-09
P00696,Home_Product_0696,Home,37032.49,INR,2026-03-30,2026-09-02
P00697,Sports_Product_0697,Sports,26479.39,INR,2026-07-07,2026-09-09
P00698,Fashion_Product_0698,Fashion,48834.55,INR,2025-10-08,2026-09-04
P00699,Home_Product_0699,Home,17801.53,INR,2026-02-17,2026-09-09
P00700,Home_Product_0700,Home,30985.59,INR,2026-05-31,2026-09-01
P00701,Beauty_Product_0701,Beauty,7970.36,INR,2025-11-28,2026-09-01
P00702,Fashion_Product_0702,Fashion,12062.21,INR,2026-06-08,2026-09-10
P00703,Grocery_Product_0703,Grocery,29624.46,INR,2026-02-04,2026-09-05
P00704,Beauty_Product_0704,Beauty,40129.53,INR,2025-06-19,2026-09-05
P00705,Fashion_Product_0705,Fashion,14977.7,INR,2025-08-26,2026-09-06
P00706,Home_Product_0706,Home,26465.65,INR,2025-12-04,2026-09-03
P00707,Electronics_Product_0707,Electronics,9413.57,INR,2025-04-15,2026-09-11
P00708,Home_Product_0708,Home,19503.91,INR,2025-08-29,2026-09-09
P00709,Beauty_Product_0709,Beauty,3267.54,INR,2026-06-18,2026-09-09
P00710,Electronics_Product_0710,Electronics,10556.89,INR,2025-11-14,2026-09-07
P00711,Sports_Product_0711,Sports,14606.8,INR,2026-03-14,2026-09-01
P00712,Home_Product_0712,Home,29410.53,INR,2025-03-02,2026-09-04
P00713,Beauty_Product_0713,Beauty,20176.82,INR,2026-03-28,2026-09-05
P00714,Beauty_Product_0714,Beauty,21571.6,INR,2026-08-20,2026-09-02
P00715,Grocery_Product_0715,Grocery,37108.71,INR,2025-03-25,2026-09-07
P00716,Electronics_Product_0716,Electronics,9393.51,INR,2025-04-29,2026-09-06
P00717,Electronics_Product_0717,Electronics,49251.15,INR,2025-09-01,2026-09-10
P00718,Grocery_Product_0718,Grocery,20311.52,INR,2025-11-17,2026-09-06
P00719,Sports_Product_0719,Sports,39452.7,INR,2026-05-30,2026-09-02
P00720,Grocery_Product_0720,Grocery,28194.15,INR,2025-02-15,2026-09-01
P00721,Home_Product_0721,Home,6217.9,INR,2026-06-18,2026-09-10
P00722,Fashion_Product_0722,Fashion,10820.38,INR,2026-01-17,2026-09-03
P00723,Sports_Product_0723,Sports,20856.6,INR,2026-02-15,2026-09-01
P00724,Electronics_Product_0724,Electronics,40763.63,INR,2026-06-12,2026-09-06
P00725,Home_Product_0725,Home,37484.49,INR,2025-01-27,2026-09-03
P00726,Sports_Product_0726,Sports,17001.93,INR,2026-05-09,2026-09-04
P00727,Sports_Product_0727,Sports,675.93,INR,2025-02-01,2026-09-02
P00728,Fashion_Product_0728,Fashion,42791.8,INR,2025-12-29,2026-09-08
P00729,Electronics_Product_0729,Electronics,48158.11,INR,2025-04-05,2026-09-06
P00730,Sports_Product_0730,Sports,2833.47,INR,2025-04-03,2026-09-10
P00731,Home_Product_0731,Home,30417.52,INR,2026-08-16,2026-09-02
P00732,Fashion_Product_0732,Fashion,45675.03,INR,2026-01-18,2026-09-01
P00733,Home_Product_0733,Home,16867.54,INR,2026-08-13,2026-09-02
P00734,Grocery_Product_0734,Grocery,40666.65,INR,2025-08-16,2026-09-10
P00735,Beauty_Product_0735,Beauty,26658.51,INR,2025-03-25,2026-09-09
P00736,Beauty_Product_0736,Beauty,39767.17,INR,2026-05-20,2026-09-02
P00737,Beauty_Product_0737,Beauty,487.56,INR,2025-01-12,2026-09-11
P00738,Home_Product_0738,Home,30553.95,INR,2025-06-01,2026-09-10
P00739,Fashion_Product_0739,Fashion,35385.05,INR,2026-07-26,2026-09-06
P00740,Electronics_Product_0740,Electronics,24569.75,INR,2025-04-14,2026-09-10
P00741,Beauty_Product_0741,Beauty,4277.09,INR,2025-08-14,2026-09-04
P00742,Fashion_Product_0742,Fashion,3802.87,INR,2025-07-19,2026-09-05
P00743,Sports_Product_0743,Sports,17714.42,INR,2025-05-19,2026-09-01
P00744,Sports_Product_0744,Sports,43588.52,INR,2025-09-29,2026-09-01
P00745,Grocery_Product_0745,Grocery,2701.89,INR,2025-08-07,2026-09-08
P00746,Grocery_Product_0746,Grocery,3743.78,INR,2026-04-28,2026-09-08
P00747,Home_Product_0747,Home,26154.3,INR,2025-12-24,2026-09-07
P00748,Fashion_Product_0748,Fashion,35844.77,INR,2025-09-19,2026-09-09
P00749,Electronics_Product_0749,Electronics,19493.13,INR,2025-04-19,2026-09-02
P00750,Grocery_Product_0750,Grocery,45914.14,INR,2025-07-05,2026-09-07
P00751,Grocery_Product_0751,Grocery,6651.28,INR,2025-02-03,2026-09-11
P00752,Fashion_Product_0752,Fashion,45849.82,INR,2026-02-02,2026-09-10
P00753,Home_Product_0753,Home,47164.31,INR,2026-03-16,2026-09-06
P00754,Beauty_Product_0754,Beauty,33720.33,INR,2025-06-22,2026-09-02
P00755,Electronics_Product_0755,Electronics,27761.93,INR,2025-02-19,2026-09-11
P00756,Electronics_Product_0756,Electronics,27146.92,INR,2025-05-05,2026-09-11
P00757,Grocery_Product_0757,Grocery,6673.81,INR,2025-08-24,2026-09-11
P00758,Sports_Product_0758,Sports,42202.44,INR,2025-08-15,2026-09-04
P00759,Electronics_Product_0759,Electronics,9186.27,INR,2026-01-01,2026-09-10
P00760,Grocery_Product_0760,Grocery,25446.63,INR,2026-05-23,2026-09-10
P00761,Grocery_Product_0761,Grocery,45771.24,INR,2025-03-02,2026-09-07
P00762,Fashion_Product_0762,Fashion,11134.97,INR,2025-10-19,2026-09-11
P00763,Home_Product_0763,Home,30040.64,INR,2026-07-23,2026-09-11
P00764,Grocery_Product_0764,Grocery,25293.27,INR,2025-04-18,2026-09-01
P00765,Sports_Product_0765,Sports,35223.25,INR,2025-04-21,2026-09-10
P00766,Beauty_Product_0766,Beauty,43021.88,INR,2025-02-19,2026-09-05
P00767,Home_Product_0767,Home,1637.99,INR,2025-06-17,2026-09-02
P00768,Electronics_Product_0768,Electronics,7133.99,INR,2025-02-20,2026-09-04
P00769,Beauty_Product_0769,Beauty,392.7,INR,2025-05-06,2026-09-07
P00770,Home_Product_0770,Home,38820.11,INR,2026-07-25,2026-09-01
P00771,Home_Product_0771,Home,12828.93,INR,2026-02-21,2026-09-01
P00772,Sports_Product_0772,Sports,35102.32,INR,2026-05-27,2026-09-02
P00773,Home_Product_0773,Home,2002.24,INR,2026-07-20,2026-09-04
P00774,Home_Product_0774,Home,21299.12,INR,2025-11-30,2026-09-05
P00775,Home_Product_0775,Home,28344.35,INR,2025-12-27,2026-09-01
P00776,Beauty_Product_0776,Beauty,675.59,INR,2025-12-07,2026-09-09
P00777,Electronics_Product_0777,Electronics,20756.15,INR,2025-05-15,2026-09-08
P00778,Home_Product_0778,Home,17088.97,INR,2026-03-19,2026-09-10
P00779,Sports_Product_0779,Sports,11098.89,INR,2026-07-14,2026-09-06
P00780,Sports_Product_0780,Sports,32726.68,INR,2026-05-14,2026-09-05
P00781,Fashion_Product_0781,Fashion,30457.59,INR,2025-10-08,2026-09-02
P00782,Home_Product_0782,Home,7238.45,INR,2025-01-17,2026-09-05
P00783,Sports_Product_0783,Sports,18017.43,INR,2026-03-30,2026-09-07
P00784,Fashion_Product_0784,Fashion,15877.18,INR,2025-07-15,2026-09-11
P00785,Grocery_Product_0785,Grocery,26728.34,INR,2026-04-11,2026-09-07
P00786,Beauty_Product_0786,Beauty,30279.5,INR,2025-12-20,2026-09-04
P00787,Electronics_Product_0787,Electronics,4875.74,INR,2025-10-20,2026-09-08
P00788,Fashion_Product_0788,Fashion,26268.38,INR,2026-02-15,2026-09-02
P00789,Beauty_Product_0789,Beauty,49461.5,INR,2026-01-20,2026-09-09
P00790,Home_Product_0790,Home,29163.27,INR,2025-01-15,2026-09-03
P00791,Grocery_Product_0791,Grocery,19431.28,INR,2026-04-02,2026-09-07
P00792,Electronics_Product_0792,Electronics,6134.89,INR,2026-02-04,2026-09-07
P00793,Fashion_Product_0793,Fashion,38458.53,INR,2026-07-08,2026-09-07
P00794,Beauty_Product_0794,Beauty,492.11,INR,2025-07-14,2026-09-05
P00795,Sports_Product_0795,Sports,26151.46,INR,2025-10-04,2026-09-07
P00796,Sports_Product_0796,Sports,29764.35,INR,2026-02-27,2026-09-08
P00797,Grocery_Product_0797,Grocery,2393.04,INR,2026-02-10,2026-09-06
P00798,Beauty_Product_0798,Beauty,7953.33,INR,2026-05-25,2026-09-08
P00799,Grocery_Product_0799,Grocery,14837.08,INR,2025-06-11,2026-09-02
P00800,Home_Product_0800,Home,41109.81,INR,2026-05-25,2026-09-03
P00801,Fashion_Product_0801,Fashion,4427.17,INR,2025-06-01,2026-09-06
P00802,Fashion_Product_0802,Fashion,13747.47,INR,2025-07-27,2026-09-06
P00803,Fashion_Product_0803,Fashion,17143.4,INR,2026-02-04,2026-09-01
P00804,Electronics_Product_0804,Electronics,26096.84,INR,2026-06-20,2026-09-10
P00805,Home_Product_0805,Home,30049.15,INR,2025-03-06,2026-09-08
P00806,Fashion_Product_0806,Fashion,5488.22,INR,2025-02-27,2026-09-06
P00807,Fashion_Product_0807,Fashion,510.91,INR,2026-01-04,2026-09-04
P00808,Home_Product_0808,Home,10039.98,INR,2025-03-31,2026-09-04
P00809,Grocery_Product_0809,Grocery,6038.45,INR,2025-10-06,2026-09-06
P00810,Beauty_Product_0810,Beauty,930.25,INR,2025-08-24,2026-09-05
P00811,Grocery_Product_0811,Grocery,7554.74,INR,2025-06-03,2026-09-03
P00812,Grocery_Product_0812,Grocery,35918.64,INR,2025-05-07,2026-09-01
P00813,Sports_Product_0813,Sports,4350.35,INR,2025-05-31,2026-09-10
P00814,Home_Product_0814,Home,45828.22,INR,2025-08-20,2026-09-02
P00815,Home_Product_0815,Home,45446.79,INR,2025-03-18,2026-09-05
P00816,Electronics_Product_0816,Electronics,40390.53,INR,2026-07-06,2026-09-08
P00817,Sports_Product_0817,Sports,11199.03,INR,2025-07-21,2026-09-11
P00818,Grocery_Product_0818,Grocery,23331.26,INR,2026-05-09,2026-09-10
P00819,Sports_Product_0819,Sports,7640.41,INR,2025-11-08,2026-09-01
P00820,Fashion_Product_0820,Fashion,4922.78,INR,2025-04-28,2026-09-07
P00821,Sports_Product_0821,Sports,7447.89,INR,2025-04-05,2026-09-04
P00822,Beauty_Product_0822,Beauty,31172.17,INR,2026-08-03,2026-09-11
P00823,Grocery_Product_0823,Grocery,25899.54,INR,2026-05-30,2026-09-02
P00824,Grocery_Product_0824,Grocery,872.08,INR,2025-02-13,2026-09-11
P00825,Sports_Product_0825,Sports,19204.03,INR,2025-11-15,2026-09-03
P00826,Beauty_Product_0826,Beauty,17254.8,INR,2026-04-20,2026-09-09
P00827,Sports_Product_0827,Sports,37764.55,INR,2026-03-22,2026-09-04
P00828,Grocery_Product_0828,Grocery,16690.55,INR,2026-06-01,2026-09-08
P00829,Beauty_Product_0829,Beauty,48621.95,INR,2025-12-22,2026-09-03
P00830,Beauty_Product_0830,Beauty,10738.03,INR,2025-11-04,2026-09-09
P00831,Sports_Product_0831,Sports,47521.48,INR,2025-05-28,2026-09-04
P00832,Grocery_Product_0832,Grocery,37883.05,INR,2026-05-21,2026-09-11
P00833,Fashion_Product_0833,Fashion,15795.9,INR,2025-10-30,2026-09-03
P00834,Fashion_Product_0834,Fashion,32004.79,INR,2025-07-27,2026-09-06
P00835,Electronics_Product_0835,Electronics,3472.66,INR,2026-04-23,2026-09-09
P00836,Grocery_Product_0836,Grocery,27898.23,INR,2025-07-11,2026-09-09
P00837,Electronics_Product_0837,Electronics,16621.82,INR,2025-09-13,2026-09-05
P00838,Home_Product_0838,Home,18338.62,INR,2026-07-22,2026-09-09
P00839,Fashion_Product_0839,Fashion,25587.14,INR,2026-04-29,2026-09-03
P00840,Electronics_Product_0840,Electronics,49350.87,INR,2026-03-28,2026-09-07
P00841,Beauty_Product_0841,Beauty,21812.89,INR,2026-01-23,2026-09-01
P00842,Sports_Product_0842,Sports,6511.35,INR,2026-07-14,2026-09-08
P00843,Home_Product_0843,Home,16114.55,INR,2026-05-28,2026-09-08
P00844,Electronics_Product_0844,Electronics,36174.65,INR,2025-05-13,2026-09-01
P00845,Grocery_Product_0845,Grocery,23683.64,INR,2025-08-01,2026-09-02
P00846,Grocery_Product_0846,Grocery,42115.0,INR,2025-08-09,2026-09-07
P00847,Sports_Product_0847,Sports,18058.4,INR,2025-07-14,2026-09-02
P00848,Home_Product_0848,Home,38878.07,INR,2025-05-20,2026-09-07
P00849,Fashion_Product_0849,Fashion,4853.56,INR,2025-02-05,2026-09-08
P00850,Home_Product_0850,Home,35621.43,INR,2025-03-26,2026-09-05
P00851,Home_Product_0851,Home,11070.4,INR,2025-05-05,2026-09-01
P00852,Beauty_Product_0852,Beauty,4171.81,INR,2025-10-21,2026-09-06
P00853,Fashion_Product_0853,Fashion,29583.96,INR,2026-01-27,2026-09-05
P00854,Home_Product_0854,Home,35419.58,INR,2025-11-16,2026-09-05
P00855,Fashion_Product_0855,Fashion,10754.32,INR,2026-05-06,2026-09-02
P00856,Electronics_Product_0856,Electronics,34206.91,INR,2026-01-07,2026-09-04
P00857,Fashion_Product_0857,Fashion,40951.52,INR,2025-10-11,2026-09-10
P00858,Beauty_Product_0858,Beauty,8313.92,INR,2026-03-19,2026-09-10
P00859,Beauty_Product_0859,Beauty,1520.67,INR,2025-01-26,2026-09-01
P00860,Grocery_Product_0860,Grocery,10379.49,INR,2025-11-06,2026-09-04
P00861,Home_Product_0861,Home,15145.24,INR,2026-05-24,2026-09-06
P00862,Grocery_Product_0862,Grocery,35599.82,INR,2025-12-31,2026-09-09
P00863,Grocery_Product_0863,Grocery,20725.45,INR,2025-03-12,2026-09-09
P00864,Sports_Product_0864,Sports,25377.76,INR,2026-05-03,2026-09-09
P00865,Beauty_Product_0865,Beauty,2778.0,INR,2025-05-14,2026-09-02
P00866,Home_Product_0866,Home,28676.11,INR,2025-06-07,2026-09-08
P00867,Sports_Product_0867,Sports,12829.84,INR,2026-04-13,2026-09-07
P00868,Fashion_Product_0868,Fashion,25795.96,INR,2026-05-18,2026-09-05
P00869,Sports_Product_0869,Sports,43386.52,INR,2025-08-04,2026-09-04
P00870,Electronics_Product_0870,Electronics,8091.89,INR,2025-07-10,2026-09-04
P00871,Sports_Product_0871,Sports,16141.5,INR,2026-07-25,2026-09-01
P00872,Beauty_Product_0872,Beauty,786.63,INR,2026-04-07,2026-09-04
P00873,Grocery_Product_0873,Grocery,5970.2,INR,2025-11-16,2026-09-09
P00874,Fashion_Product_0874,Fashion,39897.03,INR,2026-07-23,2026-09-08
P00875,Home_Product_0875,Home,23044.6,INR,2026-05-24,2026-09-05
P00876,Electronics_Product_0876,Electronics,23005.23,INR,2025-08-15,2026-09-07
P00877,Beauty_Product_0877,Beauty,20614.39,INR,2025-12-28,2026-09-07
P00878,Electronics_Product_0878,Electronics,285.22,INR,2026-04-06,2026-09-07
P00879,Grocery_Product_0879,Grocery,7047.56,INR,2026-07-17,2026-09-03
P00880,Electronics_Product_0880,Electronics,43285.26,INR,2025-07-05,2026-09-11
P00881,Grocery_Product_0881,Grocery,26983.43,INR,2025-05-04,2026-09-10
P00882,Fashion_Product_0882,Fashion,42949.0,INR,2026-05-31,2026-09-07
P00883,Sports_Product_0883,Sports,8334.15,INR,2026-07-23,2026-09-05
P00884,Beauty_Product_0884,Beauty,6768.8,INR,2025-09-25,2026-09-04
P00885,Sports_Product_0885,Sports,10377.92,INR,2025-01-12,2026-09-05
P00886,Grocery_Product_0886,Grocery,38983.46,INR,2026-08-24,2026-09-07
P00887,Sports_Product_0887,Sports,8387.38,INR,2025-02-07,2026-09-07
P00888,Beauty_Product_0888,Beauty,33039.63,INR,2026-02-11,2026-09-01
P00889,Home_Product_0889,Home,27198.72,INR,2025-08-26,2026-09-02
P00890,Fashion_Product_0890,Fashion,10197.99,INR,2025-09-28,2026-09-04
P00891,Home_Product_0891,Home,26099.45,INR,2025-10-11,2026-09-10
P00892,Sports_Product_0892,Sports,4668.46,INR,2026-06-18,2026-09-11
P00893,Home_Product_0893,Home,49073.2,INR,2026-03-20,2026-09-06
P00894,Electronics_Product_0894,Electronics,7784.61,INR,2025-09-25,2026-09-03
P00895,Electronics_Product_0895,Electronics,1550.55,INR,2026-02-03,2026-09-04
P00896,Beauty_Product_0896,Beauty,27909.78,INR,2025-04-01,2026-09-08
P00897,Grocery_Product_0897,Grocery,1045.96,INR,2026-07-27,2026-09-04
P00898,Beauty_Product_0898,Beauty,12694.77,INR,2026-06-26,2026-09-02
P00899,Electronics_Product_0899,Electronics,34494.94,INR,2025-12-13,2026-09-10
P00900,Home_Product_0900,Home,46292.24,INR,2026-07-20,2026-09-11
P00901,Grocery_Product_0901,Grocery,18675.39,INR,2025-09-22,2026-09-03
P00902,Electronics_Product_0902,Electronics,31169.98,INR,2026-05-27,2026-09-10
P00903,Fashion_Product_0903,Fashion,46076.66,INR,2025-08-02,2026-09-07
P00904,Fashion_Product_0904,Fashion,45487.54,INR,2026-02-08,2026-09-06
P00905,Sports_Product_0905,Sports,24876.58,INR,2026-05-16,2026-09-07
P00906,Beauty_Product_0906,Beauty,21439.72,INR,2026-05-20,2026-09-08
P00907,Beauty_Product_0907,Beauty,18367.75,INR,2025-08-03,2026-09-06
P00908,Sports_Product_0908,Sports,21313.75,INR,2025-08-02,2026-09-05
P00909,Electronics_Product_0909,Electronics,24326.76,INR,2025-03-16,2026-09-10
P00910,Home_Product_0910,Home,11079.94,INR,2026-07-23,2026-09-01
P00911,Sports_Product_0911,Sports,32651.63,INR,2025-11-01,2026-09-03
P00912,Beauty_Product_0912,Beauty,39351.48,INR,2025-05-14,2026-09-04
P00913,Fashion_Product_0913,Fashion,30428.5,INR,2025-01-14,2026-09-11
P00914,Beauty_Product_0914,Beauty,42490.29,INR,2025-04-28,2026-09-06
P00915,Electronics_Product_0915,Electronics,1753.58,INR,2025-03-18,2026-09-02
P00916,Fashion_Product_0916,Fashion,30527.5,INR,2025-12-09,2026-09-05
P00917,Sports_Product_0917,Sports,48353.17,INR,2025-11-12,2026-09-05
P00918,Fashion_Product_0918,Fashion,37493.25,INR,2026-02-27,2026-09-05
P00919,Beauty_Product_0919,Beauty,30960.88,INR,2025-03-18,2026-09-05
P00920,Sports_Product_0920,Sports,30224.07,INR,2025-03-31,2026-09-01
P00921,Grocery_Product_0921,Grocery,26275.27,INR,2026-02-08,2026-09-02
P00922,Beauty_Product_0922,Beauty,38888.14,INR,2025-09-14,2026-09-08
P00923,Grocery_Product_0923,Grocery,30318.44,INR,2025-11-16,2026-09-11
P00924,Grocery_Product_0924,Grocery,30178.06,INR,2025-04-02,2026-09-06
P00925,Beauty_Product_0925,Beauty,11285.17,INR,2025-01-28,2026-09-07
P00926,Beauty_Product_0926,Beauty,30692.53,INR,2026-08-10,2026-09-07
P00927,Beauty_Product_0927,Beauty,33347.71,INR,2026-02-01,2026-09-08
P00928,Fashion_Product_0928,Fashion,48891.63,INR,2026-08-22,2026-09-11
P00929,Beauty_Product_0929,Beauty,5995.76,INR,2025-07-05,2026-09-04
P00930,Beauty_Product_0930,Beauty,9141.09,INR,2025-11-09,2026-09-04
P00931,Grocery_Product_0931,Grocery,8754.21,INR,2026-01-08,2026-09-09
P00932,Beauty_Product_0932,Beauty,28422.93,INR,2026-03-26,2026-09-03
P00933,Home_Product_0933,Home,45566.46,INR,2026-04-26,2026-09-02
P00934,Grocery_Product_0934,Grocery,42227.08,INR,2026-01-08,2026-09-06
P00935,Grocery_Product_0935,Grocery,22251.18,INR,2025-07-20,2026-09-03
P00936,Beauty_Product_0936,Beauty,23397.56,INR,2025-05-02,2026-09-02
P00937,Grocery_Product_0937,Grocery,16847.58,INR,2025-04-09,2026-09-08
P00938,Grocery_Product_0938,Grocery,25005.96,INR,2025-07-07,2026-09-07
P00939,Electronics_Product_0939,Electronics,40875.1,INR,2026-08-24,2026-09-07
P00940,Sports_Product_0940,Sports,17081.55,INR,2026-06-05,2026-09-09
P00941,Grocery_Product_0941,Grocery,26847.43,INR,2026-07-18,2026-09-07
P00942,Electronics_Product_0942,Electronics,1842.18,INR,2026-06-21,2026-09-06
P00943,Grocery_Product_0943,Grocery,30286.02,INR,2025-07-25,2026-09-06
P00944,Sports_Product_0944,Sports,18986.26,INR,2026-05-06,2026-09-10
P00945,Home_Product_0945,Home,41479.94,INR,2025-07-19,2026-09-07
P00946,Home_Product_0946,Home,13648.94,INR,2026-05-24,2026-09-01
P00947,Fashion_Product_0947,Fashion,19194.67,INR,2025-06-03,2026-09-08
P00948,Beauty_Product_0948,Beauty,41997.89,INR,2026-03-11,2026-09-06
P00949,Sports_Product_0949,Sports,19745.03,INR,2025-09-28,2026-09-06
P00950,Sports_Product_0950,Sports,22277.05,INR,2026-02-01,2026-09-07
P00951,Sports_Product_0951,Sports,13037.22,INR,2026-08-21,2026-09-11
P00952,Home_Product_0952,Home,48624.1,INR,2025-03-22,2026-09-06
P00953,Home_Product_0953,Home,42112.77,INR,2025-09-02,2026-09-05
P00954,Beauty_Product_0954,Beauty,45364.51,INR,2025-11-24,2026-09-11
P00955,Electronics_Product_0955,Electronics,35872.37,INR,2025-05-13,2026-09-05
P00956,Electronics_Product_0956,Electronics,38754.17,INR,2025-09-05,2026-09-08
P00957,Beauty_Product_0957,Beauty,8564.69,INR,2025-01-06,2026-09-09
P00958,Grocery_Product_0958,Grocery,13716.39,INR,2026-06-21,2026-09-10
P00959,Beauty_Product_0959,Beauty,15808.55,INR,2025-08-21,2026-09-11
P00960,Sports_Product_0960,Sports,13008.04,INR,2025-01-28,2026-09-04
P00961,Beauty_Product_0961,Beauty,40255.0,INR,2025-12-24,2026-09-05
P00962,Sports_Product_0962,Sports,43357.29,INR,2025-02-03,2026-09-08
P00963,Sports_Product_0963,Sports,462.84,INR,2025-08-24,2026-09-09
P00964,Fashion_Product_0964,Fashion,10015.21,INR,2026-07-01,2026-09-06
P00965,Beauty_Product_0965,Beauty,29058.26,INR,2025-07-11,2026-09-10
P00966,Electronics_Product_0966,Electronics,12457.97,INR,2026-01-24,2026-09-05
P00967,Grocery_Product_0967,Grocery,26289.6,INR,2025-10-11,2026-09-01
P00968,Beauty_Product_0968,Beauty,11147.41,INR,2025-08-03,2026-09-01
P00969,Home_Product_0969,Home,4458.32,INR,2025-01-02,2026-09-07
P00970,Fashion_Product_0970,Fashion,8915.23,INR,2025-09-21,2026-09-01
P00971,Home_Product_0971,Home,5256.65,INR,2025-05-25,2026-09-07
P00972,Home_Product_0972,Home,25873.61,INR,2026-06-30,2026-09-08
P00973,Grocery_Product_0973,Grocery,29112.15,INR,2025-07-30,2026-09-04
P00974,Home_Product_0974,Home,46232.81,INR,2026-04-24,2026-09-05
P00975,Grocery_Product_0975,Grocery,21408.36,INR,2026-02-08,2026-09-07
P00976,Grocery_Product_0976,Grocery,1962.4,INR,2025-08-12,2026-09-03
P00977,Beauty_Product_0977,Beauty,9907.64,INR,2026-08-08,2026-09-10
P00978,Beauty_Product_0978,Beauty,13295.37,INR,2025-12-10,2026-09-10
P00979,Fashion_Product_0979,Fashion,39148.72,INR,2026-08-13,2026-09-05
P00980,Electronics_Product_0980,Electronics,2762.28,INR,2025-04-01,2026-09-01
P00981,Fashion_Product_0981,Fashion,31450.44,INR,2026-03-23,2026-09-01
P00982,Beauty_Product_0982,Beauty,40228.28,INR,2025-04-23,2026-09-11
P00983,Sports_Product_0983,Sports,16461.11,INR,2026-02-06,2026-09-05
P00984,Sports_Product_0984,Sports,13191.3,INR,2026-04-18,2026-09-08
P00985,Sports_Product_0985,Sports,31727.99,INR,2025-07-27,2026-09-09
P00986,Fashion_Product_0986,Fashion,49791.66,INR,2025-01-23,2026-09-07
P00987,Electronics_Product_0987,Electronics,13251.93,INR,2025-08-09,2026-09-06
P00988,Beauty_Product_0988,Beauty,43123.33,INR,2026-01-16,2026-09-05
P00989,Grocery_Product_0989,Grocery,47328.37,INR,2026-06-25,2026-09-10
P00990,Fashion_Product_0990,Fashion,42764.15,INR,2025-01-24,2026-09-06
P00991,Grocery_Product_0991,Grocery,37893.32,INR,2025-07-07,2026-09-07
P00992,Electronics_Product_0992,Electronics,9366.9,INR,2026-04-24,2026-09-01
P00993,Grocery_Product_0993,Grocery,20233.04,INR,2026-06-25,2026-09-08
P00994,Home_Product_0994,Home,21691.39,INR,2026-04-27,2026-09-01
P00995,Beauty_Product_0995,Beauty,4350.3,INR,2026-07-09,2026-09-11
P00996,Electronics_Product_0996,Electronics,47076.84,INR,2025-07-06,2026-09-04
P00997,Grocery_Product_0997,Grocery,20015.43,INR,2025-04-08,2026-09-04
P00998,Sports_Product_0998,Sports,5577.39,INR,2025-07-12,2026-09-08
P00999,Beauty_Product_0999,Beauty,12751.33,INR,2026-06-18,2026-09-05
P01000,Grocery_Product_1000,Grocery,5211.46,INR,2025-08-01,2026-09-04
P09991,Broken_Product_1,Electronics,,INR,2026-01-01,2026-09-01
P09992,Broken_Product_2,Home,-50.0,INR,2026-01-01,2026-09-02
